n,m,solver,runs,success_rate,time_mean_sec,time_std_sec,iterations_mean,x_error_l2_mean,primal_residual_mean,dual_residual_mean,complementarity_mean
80,16,dense,3.0,1.0,0.6892676666666667,0.050891039250566254,6.0,7.228171883287545e-15,3.3846111240588966e-16,2.089324025967546e-09,1.654336957348255e-11
80,16,sparse,3.0,1.0,0.009998402666666703,0.0006784942543584887,6.0,7.238594537761503e-15,2.8971000134977777e-16,2.0893240261310723e-09,1.654336957269265e-11
140,28,dense,3.0,1.0,3.5038794166666665,0.20228036167373975,6.0,6.873774055360441e-15,8.797490620298387e-16,1.5455381252520172e-09,1.3519087869180298e-11
140,28,sparse,3.0,1.0,0.011859152666666409,0.0008900088923940811,6.0,6.885991974801546e-15,8.289833756247722e-16,1.5455381021477027e-09,1.3519087859574747e-11
220,44,dense,3.0,1.0,12.420097847333334,0.17166819908163178,6.0,1.2067088019828503e-14,1.2314797643835059e-15,3.0566816819645104e-09,1.9675599860452566e-11
220,44,sparse,3.0,1.0,0.015805499666668037,0.0016826585233343254,6.0,1.2012355011455429e-14,1.5319617409902029e-15,3.0566817031112827e-09,1.9675599793247796e-11
320,64,sparse,3.0,1.0,0.018127569333332854,0.0012354728135278179,6.0,1.1143965355460771e-14,3.2129484730379635e-15,2.683063533542958e-09,1.827110407640034e-11
